context_seq,guide_seq,y_true_norm,y_pred_norm,y_true_pct,y_pred_pct
TGGTTTTAAAACAGAATATACAGTCTAAAAAACC,TGGTTTTAAAACAGAATATACAGTCTAAAAAACC,0.9674368,1.2041476,71.58071,79.11363
GCCATTTAAACAACTCTTTGAGCTCTCCAGTTCA,GCCATTTAAACAACTCTTTGAGCTCTCCAGTTCA,-0.66368693,0.34285843,19.672949,51.70456
TGATTTTAAACCAGCATCTATAGACACTTCCTGT,TGATTTTAAACCAGCATCTATAGACACTTCCTGT,1.0950261,1.2096008,75.64103,79.28717
GGACTTTAAACCCAAACTACTTGTCCAACGGTAC,GGACTTTAAACCCAAACTACTTGTCCAACGGTAC,0.1925177,0.40774086,46.92022,53.769333
CAGGTTTAAACGCTTCCACACTTGTGTCAGTAAT,CAGGTTTAAACGCTTCCACACTTGTGTCAGTAAT,0.44583303,0.63247573,54.981552,60.921143
TGTCTTTAAAGATCATTGTTTCTCCTCGGAGACT,TGTCTTTAAAGATCATTGTTTCTCCTCGGAGACT,0.520955,-0.46066,57.372185,26.133938
GGACTTTAAATATTTCTGCAGAACTTCTTCAGCC,GGACTTTAAATATTTCTGCAGAACTTCTTCAGCC,-0.7623623,-0.24397309,16.532772,33.029633
TACCTTTAAATGGTCCTCCCTATAATCCTCTATC,TACCTTTAAATGGTCCTCCCTATAATCCTCTATC,0.9557369,0.9356156,71.20838,70.568054
TATCTTTAAATGTGCGTAATGGATCTGTGCTTTG,TATCTTTAAATGTGCGTAATGGATCTGTGCTTTG,0.369297,0.27887195,52.54592,49.668297
TTTCTTTAAATGTTTTTTTGGCATCTTCTTCCTG,TTTCTTTAAATGTTTTTTTGGCATCTTCTTCCTG,-1.2872517,-0.76505655,-0.17094803,16.447031
GGCCTTTAACAAGCGGATCCTGTGCCTGTTCCGC,GGCCTTTAACAAGCGGATCCTGTGCCTGTTCCGC,-0.057186577,0.19691163,38.9738,47.060047
AGATTTTAACAGCTTCTCTGTGGATGATGAGTGC,AGATTTTAACAGCTTCTCTGTGGATGATGAGTGC,-0.35220188,1.1570698,29.585436,77.61546
GCACTTTAACATACTCAAATTGGGGCCAGTTGAA,GCACTTTAACATACTCAAATTGGGGCCAGTTGAA,-0.2440821,0.0130404765,33.026165,41.208656
CACTTTTAACATTCAGTAAATTTTGTTGCACTGT,CACTTTTAACATTCAGTAAATTTTGTTGCACTGT,-1.2909881,-0.120596476,-0.28985214,36.955887
CCGCTTTAACCACCAGCGCTACCTGTCCGGGCCC,CCGCTTTAACCACCAGCGCTACCTGTCCGGGCCC,0.42207062,0.65747476,54.225353,61.71669
AGGTTTTAACCAGTCTTCTCACCAAAAGAATGTG,AGGTTTTAACCAGTCTTCTCACCAAAAGAATGTG,1.6437566,1.163721,93.103455,77.827126
GTTTTTTAACCCAAGCCAACACATCCTTATTGCG,GTTTTTTAACCCAAGCCAACACATCCTTATTGCG,-0.45777228,1.3464652,26.225836,83.642654
GCATTTTAACCCCGGCGAGAGCTCGGAGATCTTC,GCATTTTAACCCCGGCGAGAGCTCGGAGATCTTC,-0.3446207,0.7795188,29.826694,65.60054
CCGCTTTAACCCGGACAGCCATCAGTCGGAGCAG,CCGCTTTAACCCGGACAGCCATCAGTCGGAGCAG,1.7322112,0.23709105,95.918365,48.33869
ACACTTTAACCCTGTGTGTGGCAGTGACATGTCC,ACACTTTAACCCTGTGTGTGGCAGTGACATGTCC,1.297877,0.8874076,82.09641,69.03392
GCTCTTTAACGAAGCCGCAGCCATCATCAGGCAC,GCTCTTTAACGAAGCCGCAGCCATCATCAGGCAC,0.82134086,0.7070411,66.93146,63.29406
GCTGTTTAACGACTTTGGACCGCCTTCCATGGGC,GCTGTTTAACGACTTTGGACCGCCTTCCATGGGC,0.17435768,0.45666093,46.342308,55.32613
AACCTTTAACGTCTTATTGTGACGCTGAAGTTCT,AACCTTTAACGTCTTATTGTGACGCTGAAGTTCT,-0.9601664,0.14374293,10.237989,45.368042
CCACTTTAACGTGCTCGCCTTCCCCTGCAACCAG,CCACTTTAACGTGCTCGCCTTCCCCTGCAACCAG,-0.32936984,0.55770147,30.312027,58.541576
TCTATTTAACTCCACAAATGGTTCCTTCTGACTT,TCTATTTAACTCCACAAATGGTTCCTTCTGACTT,0.6173428,1.0215806,60.43956,73.30374
CCACTTTAACTGATGCAGTCTTGTCTTCAAAAGG,CCACTTTAACTGATGCAGTCTTGTCTTCAAAAGG,1.6059499,0.92152673,91.900314,70.119705
TCACTTTAACTGCAACTTCGCTCCGTACTTTACA,TCACTTTAACTGCAACTTCGCTCCGTACTTTACA,0.8137406,0.9446423,66.68959,70.855316
GGGGTTTAACTGCGAGTTCTTCACCTTCTGCTGC,GGGGTTTAACTGCGAGTTCTTCACCTTCTGCTGC,0.829183,1.00799,67.181015,72.87125
GCCCTTTAACTTCACTGCAATCGGCGGCAACCTG,GCCCTTTAACTTCACTGCAATCGGCGGCAACCTG,0.853698,0.54897076,67.96117,58.263737
AGTCTTTAACTTCTCATCTTTTTCTTGAATGCTG,AGTCTTTAACTTCTCATCTTTTTCTTGAATGCTG,-1.2829368,0.10283058,-0.033634186,44.06608
TTTCTTTAACTTTCTCAGTGACGATTCCGGATTG,TTTCTTTAACTTTCTCAGTGACGATTCCGGATTG,0.42906934,0.08490948,54.448074,43.49577
TTCTTTTAACTTTGAAGTTGGCCTGAGGCTGGGA,TTCTTTTAACTTTGAAGTTGGCCTGAGGCTGGGA,-0.9706963,0.12305773,9.902893,44.70977
CCACTTTAAGAAGAATTAGGCAGTGCTCAATGGT,CCACTTTAAGAAGAATTAGGCAGTGCTCAATGGT,0.31886232,0.961742,50.94092,71.39948
GGACTTTAAGACCGACCTGCGCTTCCAGAGCTCG,GGACTTTAAGACCGACCTGCGCTTCCAGAGCTCG,1.0453198,0.50837684,74.059204,56.9719
GATATTTAAGACTGGCCCAATCCCAATCATGTGG,GATATTTAAGACTGGCCCAATCCCAATCATGTGG,1.6168773,1.1626228,92.24806,77.792175
TCACTTTAAGAGGTATGCTCCAGCTATATGCACC,TCACTTTAAGAGGTATGCTCCAGCTATATGCACC,0.9844954,1.274357,72.12357,81.34793
GTTCTTTAAGATTATTGGTCACTTGTTCAGCTAA,GTTCTTTAAGATTATTGGTCACTTGTTCAGCTAA,0.8341582,0.16339557,67.33935,45.993454
GCTTTTTAAGATTCTGCATAGTATTTTGTTAAAT,GCTTTTTAAGATTCTGCATAGTATTTTGTTAAAT,-0.43964788,0.14905804,26.802614,45.53719
ACAGTTTAAGCAACTTCTGATGGTTGGCGGTTTA,ACAGTTTAAGCAACTTCTGATGGTTGGCGGTTTA,0.5139292,0.17398646,57.148598,46.330494
AGATTTTAAGCAGCACCATCAAGCCTTACAATGT,AGATTTTAAGCAGCACCATCAAGCCTTACAATGT,-0.21084997,1.2369772,34.08372,80.15839
GTTCTTTAAGCCAAATTTTGCTGCACAGTGGAGA,GTTCTTTAAGCCAAATTTTGCTGCACAGTGGAGA,-1.2818799,-0.32574832,0.0,30.427277
GCCCTTTAAGCGCTTCCGATCAGCTTTCATGGCT,GCCCTTTAAGCGCTTCCGATCAGCTTTCATGGCT,0.63781047,0.3307298,61.09091,51.318584
GCGATTTAAGCGGCCCTTGGCAGCCTCCGTCCTC,GCGATTTAAGCGGCCCTTGGCAGCCTCCGTCCTC,0.19864795,0.6951908,47.115303,62.916943
AACTTTTAAGCTGATTTGCTTTCCCTGGATGGGA,AACTTTTAAGCTGATTTGCTTTCCCTGGATGGGA,-0.66958225,-0.1163109,19.48534,37.09227
AGGCTTTAAGCTTGGCGCGGCTCAAGTAGAGCTT,AGGCTTTAAGCTTGGCGCGGCTCAAGTAGAGCTT,0.4129467,0.042873867,53.934998,42.158054
CACGTTTAAGGAGTTTGCAGAGAAATACGGCCGG,CACGTTTAAGGAGTTTGCAGAGAAATACGGCCGG,0.45509648,0.17374179,55.276344,46.32271
TTTCTTTAAGGCAACATTTACATCATTATTCCTC,TTTCTTTAAGGCAACATTTACATCATTATTCCTC,0.4067724,0.45741886,53.738514,55.35025
CAGGTTTAAGGCATTTTCCACCTGTGCATCCCAC,CAGGTTTAAGGCATTTTCCACCTGTGCATCCCAC,-0.22815761,0.16635902,33.532936,46.08776
TATCTTTAAGTAATGTGGAATTGCTGATGAGGTG,TATCTTTAAGTAATGTGGAATTGCTGATGAGGTG,0.827175,0.28134713,67.11712,49.747063
ACAGTTTAAGTCAGCCTTTTCCTGCTTCCACTAT,ACAGTTTAAGTCAGCCTTTTCCTGCTTCCACTAT,0.30590388,0.79908663,50.52854,66.22325
CAGCTTTAAGTCTAACTGCTCCTGGAGGTGCACC,CAGCTTTAAGTCTAACTGCTCCTGGAGGTGCACC,1.0401223,0.9068468,73.89381,69.65254
CCTTTTTAAGTGAAGGCGTGTGCTGCCTGAGCTG,CCTTTTTAAGTGAAGGCGTGTGCTGCCTGAGCTG,0.95074826,1.0015374,71.04963,72.66591
TAAATTTAAGTGCTTTAATCCCTTTGGGAGTTTG,TAAATTTAAGTGCTTTAATCCCTTTGGGAGTTTG,0.3265269,-0.14693362,51.184837,36.117752
GCTGTTTAAGTTCTCGTTCCAACCGTGATGGCAG,GCTGTTTAAGTTCTCGTTCCAACCGTGATGGCAG,0.8216972,0.54866314,66.942795,58.253944
AACCTTTAATAAATAATTGACCCAACACCATTTT,AACCTTTAATAAATAATTGACCCAACACCATTTT,-0.900462,0.05557818,12.137981,42.562347
ATTCTTTAATAACTTCATCCACTTTCTCTGTCCT,ATTCTTTAATAACTTCATCCACTTTCTCTGTCCT,-0.26726842,0.12295085,32.2883,44.70637
GGCCTTTAATACCTGTGCTTCCCACCTGACCATA,GGCCTTTAATACCTGTGCTTCCCACCTGACCATA,0.64914614,0.25876975,61.45165,49.02858
GTTTTTTAATAGCTACAGCTAACTTCTTCCATCC,GTTTTTTAATAGCTACAGCTAACTTCTTCCATCC,0.76185286,0.7702084,65.03835,65.30425
CTTCTTTAATCAGTTAGCATTTTGTGACTTTCTG,CTTCTTTAATCAGTTAGCATTTTGTGACTTTCTG,-0.6810319,-0.33706617,19.120975,30.067104
GCCTTTTAATCCCGTTAGATCCTTTCCACTTTTG,GCCTTTTAATCCCGTTAGATCCTTTCCACTTTTG,-0.5780449,0.42040962,22.398363,54.172493
TCAATTTAATCGTTTACCTTTGGTGGTGAGTTTC,TCAATTTAATCGTTTACCTTTGGTGGTGAGTTTC,-0.21812424,-0.2100815,33.85223,34.108177
TACGTTTAATCTCCAGTCGTGTCCCTTGGCCGAA,TACGTTTAATCTCCAGTCGTGTCCCTTGGCCGAA,1.2303582,0.098524064,79.94774,43.929028
TTCTTTTAATCTGTGTATCTGTCAGCTGACCAGC,TTCTTTTAATCTGTGTATCTGTCAGCTGACCAGC,0.83972454,0.44025394,67.51649,54.80401
GTATTTTAATGCAAATTTTTGGAGTGTTTCCATC,GTATTTTAATGCAAATTTTTGGAGTGTTTCCATC,-1.4104625,0.15806116,-4.0919266,45.823696
TTCTTTTAATGGAAGGGGTATGCATTGTTGCACC,TTCTTTTAATGGAAGGGGTATGCATTGTTGCACC,0.9153003,0.9334339,69.921555,70.49863
TGCATTTAATGTATCTCCTTCTTGTATATCTTTT,TGCATTTAATGTATCTCCTTCTTGTATATCTTTT,0.7875217,0.67637604,65.85522,62.318195
ACACTTTAATGTCTCTCCAGCATATGGTATGTGC,ACACTTTAATGTCTCTCCAGCATATGGTATGTGC,0.80086476,0.92294073,66.27984,70.1647
ACCCTTTAATTAGTTTCCTGACATCTCTCACCTG,ACCCTTTAATTAGTTTCCTGACATCTCTCACCTG,-0.67707604,0.29534146,19.246862,50.192413
TCTCTTTAATTCCTTCGAACCTTATTATATGTGG,TCTCTTTAATTCCTTCGAACCTTATTATATGTGG,1.3659241,0.34992298,84.2619,51.929375
TACATTTAATTCGACATGGTCATAAGTAATACCC,TACATTTAATTCGACATGGTCATAAGTAATACCC,0.80337274,1.1998569,66.35965,78.97709
ATCATTTAATTCTTTGTGGATGCACGGTCTCCTC,ATCATTTAATTCTTTGTGGATGCACGGTCTCCTC,-0.118279845,-0.36495078,37.02961,29.179724
GAGCTTTAATTGTGGGTTGTGGCCTACAAATGTT,GAGCTTTAATTGTGGGTTGTGGCCTACAAATGTT,0.4540457,0.5622455,55.242905,58.68618
TACCTTTAATTTCTCTGTCCTGTTCTTCCACTCT,TACCTTTAATTTCTCTGTCCTGTTCTTCCACTCT,-0.23141316,0.01814731,33.429333,41.371174
TCCTTTTACAATGGTCTTGGCACATTTAATTGTC,TCCTTTTACAATGGTCTTGGCACATTTAATTGTC,0.9441308,0.4880716,70.839035,56.32572
GAGCTTTACACAACTGGAAGGTCACATCTTTGTA,GAGCTTTACACAACTGGAAGGTCACATCTTTGTA,-0.6211806,0.3622016,21.02564,52.32012
AGCATTTACACACTCATGTTCACATCCGTGGTTT,AGCATTTACACACTCATGTTCACATCCGTGGTTT,1.0843023,0.25273734,75.29976,48.83661
GAAGTTTACACATGTGGTTTGAACACCAAGGGGC,GAAGTTTACACATGTGGTTTGAACACCAAGGGGC,0.05547124,0.22886981,42.558945,48.077065
TGTGTTTACACGGACGACTTCACGGACCGCTTGG,TGTGTTTACACGGACGACTTCACGGACCGCTTGG,0.32752213,0.80061215,51.216507,66.2718
ATAATTTACACGTGTTCTTCATGGGATCTGGGTC,ATAATTTACACGTGTTCTTCATGGGATCTGGGTC,-0.4717966,0.09701612,25.779535,43.881042
ACTGTTTACACTCAGGCTCATGCTGTCCTGCTCT,ACTGTTTACACTCAGGCTCATGCTGTCCTGCTCT,1.1977973,1.0373745,78.911545,73.806366
CTGGTTTACACTGTTTGTCAGCTGGAGCAGACTC,CTGGTTTACACTGTTTGTCAGCTGGAGCAGACTC,-0.59222215,0.043456033,21.947195,42.176582
GGTGTTTACACTTCCTGCTGCTGTGCTTCCAGGT,GGTGTTTACACTTCCTGCTGCTGTGCTTCCAGGT,0.41619456,0.10350528,54.038357,44.087547
ACCATTTACAGCCACACACACCATAGTAGTGACG,ACCATTTACAGCCACACACACCATAGTAGTGACG,0.30661422,1.4056442,50.551147,85.525925
TCTCTTTACAGCCTATGGAGGTCTGCAGAGCCTG,TCTCTTTACAGCCTATGGAGGTCTGCAGAGCCTG,0.18839411,0.17149007,46.788994,46.25105
CACCTTTACAGCTTCAAGAGAATAGTTCACATCC,CACCTTTACAGCTTCAAGAGAATAGTTCACATCC,-0.84003294,0.21007544,14.061035,47.478962
CTGTTTTACAGCTTGTAGGAGTTCAGCATGTGAA,CTGTTTTACAGCTTGTAGGAGTTCAGCATGTGAA,0.9060603,0.51073295,69.62751,57.046883
CTACTTTACAGTGTCCTGATAATGGGAATGTACT,CTACTTTACAGTGTCCTGATAATGGGAATGTACT,1.4302862,0.82416475,86.31011,67.02132
GGGATTTACATCACTTCCCGCGTGTTGAAGGCAT,GGGATTTACATCACTTCCCGCGTGTTGAAGGCAT,0.17533362,0.15262213,46.373363,45.650608
CTCTTTTACATCCACCACCGTTGTGACCTCATTG,CTCTTTTACATCCACCACCGTTGTGACCTCATTG,0.08591565,0.9509602,43.527786,71.05637
AAGATTTACATCCAGAGGCACGACAATGTGAGGT,AAGATTTACATCCAGAGGCACGACAATGTGAGGT,-0.17435335,0.9277763,35.245167,70.31858
ATCATTTACATCCAGCACTTTCACCAAAACCTTA,ATCATTTACATCCAGCACTTTCACCAAAACCTTA,1.8408307,0.7399476,99.375,64.341255
CTGCTTTACATCCTTTTGAGGTCCCACGAGAATA,CTGCTTTACATCCTTTTGAGGTCCCACGAGAATA,-1.2677991,-0.33302262,0.44809723,30.195782
TTCCTTTACATCTTCGTGCTGGAGATCAAGCTCT,TTCCTTTACATCTTCGTGCTGGAGATCAAGCTCT,-0.4856827,0.24075998,25.337633,48.45545
CCCATTTACATCTTGGTGCAGTTGCTGTCTGCTT,CCCATTTACATCTTGGTGCAGTTGCTGTCTGCTT,0.87893796,0.14963792,68.76439,45.55564
CATCTTTACATGAGTCTCATCTTTCTTCATGGAG,CATCTTTACATGAGTCTCATCTTTCTTCATGGAG,-0.14670932,0.2639651,36.12489,49.193913
CAGATTTACATGCAAGGGCAAACCAGTCCACCAC,CAGATTTACATGCAAGGGCAAACCAGTCCACCAC,0.8018079,0.83879733,66.30985,67.48698
GTGTTTTACATGGCTATGTCTTGCCATGCTTTGC,GTGTTTTACATGGCTATGTCTTGCCATGCTTTGC,-1.2893671,0.5709864,-0.23826599,58.964348
CTGCTTTACCACAAGTTGTGTCCCCCAGATGCTG,CTGCTTTACCACAAGTTGTGTCCCCCAGATGCTG,0.55583483,0.72800577,58.482174,63.961224
GGTGTTTACCACTGATGCCAAGACTCATATAGCA,GGTGTTTACCACTGATGCCAAGACTCATATAGCA,1.1662165,1.1200475,77.90654,76.43729
CCCTTTTACCACTGGTGTGATGGTGTTCACCCCA,CCCTTTTACCACTGGTGTGATGGTGTTCACCCCA,0.68761,0.74419355,62.675697,64.47637
CACCTTTACCAGCTACGGTATCAGCTGGGTGCGA,CACCTTTACCAGCTACGGTATCAGCTGGGTGCGA,-0.20069169,0.18054637,34.40699,46.53925
AACTTTTACCATTGGTGATGTCATATACTAGCAT,AACTTTTACCATTGGTGATGTCATATACTAGCAT,0.671913,0.93691707,62.176167,70.609474
GGTCTTTACCATTTTCGAGACCAGATCCTGGCTG,GGTCTTTACCATTTTCGAGACCAGATCCTGGCTG,-0.7983487,-0.026466088,15.387564,39.951427
AAGGTTTACCCACCTGTCCCAGCTGAGAAGAGGA,AAGGTTTACCCACCTGTCCCAGCTGAGAAGAGGA,0.73277265,0.8924166,64.11292,69.19332
TGCCTTTACCCACTCGCCGATGATGGTGGCCTCC,TGCCTTTACCCACTCGCCGATGATGGTGGCCTCC,-0.5712516,-0.103218034,22.614548,37.508926
GGTCTTTACCCATTTGTAGCCAGCTCCAGAATGG,GGTCTTTACCCATTTGTAGCCAGCTCCAGAATGG,0.27771056,-0.12363061,49.631336,36.85933
GGACTTTACCCCAGCTCCACTGGAGGACACCTCC,GGACTTTACCCCAGCTCCACTGGAGGACACCTCC,-0.25012177,0.810107,32.83396,66.57396
CGCTTTTACCGTCCCCCTCGATGTTCCCACTGCA,CGCTTTTACCGTCCCCCTCGATGTTCCCACTGCA,1.1470671,0.89944106,77.29714,69.41686
CTTGTTTACCTATAGCTCTTTCAACAATGGGCAG,CTTGTTTACCTATAGCTCTTTCAACAATGGGCAG,1.6834908,0.8200557,94.36792,66.89056
TGGTTTTACCTCCAAAGCGATGGGCAAGAAATGA,TGGTTTTACCTCCAAAGCGATGGGCAAGAAATGA,1.0013139,0.85363495,72.6588,67.95916
CAGGTTTACCTCCAGCTTTGTGGAACTGACAAAG,CAGGTTTACCTCCAGCTTTGTGGAACTGACAAAG,0.33642915,0.78123957,51.499958,65.655304
ATTTTTTACCTCCATACACCTTCCAGATCAGAGT,ATTTTTTACCTCCATACACCTTCCAGATCAGAGT,1.3862314,1.3370259,84.90814,83.34226
CACGTTTACCTGCTGCTCGTCCAGCAGGGCAGGC,CACGTTTACCTGCTGCTCGTCCAGCAGGGCAGGC,-1.2703271,0.3550666,0.36764908,52.093063
TGTATTTACCTGGCTGGATATTCCTTAGTGTGTA,TGTATTTACCTGGCTGGATATTCCTTAGTGTGTA,-1.2668601,0.8940597,0.47797775,69.24561
ACTCTTTACGCAGTGATCTTCCTGATGAGCGTTG,ACTCTTTACGCAGTGATCTTCCTGATGAGCGTTG,0.35631222,0.32829648,52.1327,51.24115
TTTATTTACGCCGTAGCAGGCAGAACCAGAGATG,TTTATTTACGCCGTAGCAGGCAGAACCAGAGATG,1.1519012,0.5713846,77.45098,58.97702
CTCATTTACGCGCAGTTCTTCCCTCAGGGAGGTG,CTCATTTACGCGCAGTTCTTCCCTCAGGGAGGTG,1.390071,0.30619192,85.030334,50.53771
CTCCTTTACGCTGCAATGAATGTTGCAGGCAGAC,CTCCTTTACGCTGCAATGAATGTTGCAGGCAGAC,-1.2912226,-0.36517906,-0.2973137,29.172459
CAGCTTTACGCTGGCTGCTGTCTCCGTGGACAGG,CAGCTTTACGCTGGCTGCTGTCTCCGTGGACAGG,0.18830995,0.02611211,46.786312,41.62464
AATTTTTACGCTGTTGCCAGAAGTCTTTTTGGCA,AATTTTTACGCTGTTGCCAGAAGTCTTTTTGGCA,0.8780345,0.4003573,68.735634,53.534363
ACTGTTTACGGAAACAACTTCCACATTCACTGCA,ACTGTTTACGGAAACAACTTCCACATTCACTGCA,-0.09444345,1.1318172,37.788162,76.811844
GGGATTTACGGAACCTGCGACCGGGGGCTGCGTT,GGGATTTACGGAACCTGCGACCGGGGGCTGCGTT,-0.02507621,0.21539582,39.99566,47.648277
CCTCTTTACGGACTCCACTTATGACTCCCTAAAG,CCTCTTTACGGACTCCACTTATGACTCCCTAAAG,0.6514371,0.6399087,61.524555,61.157684
GCTCTTTACGGCTGACAATCACACGGAGCCGGCA,GCTCTTTACGGCTGACAATCACACGGAGCCGGCA,-0.22896788,-0.13992037,33.50715,36.34094
CAGCTTTACGTAAGCATTCCAGGGCTGCCTCGTT,CAGCTTTACGTAAGCATTCCAGGGCTGCCTCGTT,0.48389235,0.184972,56.192726,46.680088
GTACTTTACGTAGGATTTCCCATCAGCCTCTGTC,GTACTTTACGTAGGATTTCCCATCAGCCTCTGTC,-0.18539546,0.32626572,34.89377,51.17652
AGGGTTTACGTCAGCTCCTTCTGGCCACAAGAGT,AGGGTTTACGTCAGCTCCTTCTGGCCACAAGAGT,0.7495316,1.0660231,64.64625,74.718056
TTCATTTACGTGGAGATTGCCTTCTTCTCCCGTT,TTCATTTACGTGGAGATTGCCTTCTTCTCCCGTT,1.2459118,0.69850224,80.44271,63.022324
TCCGTTTACGTGTACAAGGTGCTGAAGCAGGTCC,TCCGTTTACGTGTACAAGGTGCTGAAGCAGGTCC,0.36998093,1.179179,52.567688,78.319046
TGACTTTACGTTTCTTGATTACACAGCTAGAAGC,TGACTTTACGTTTCTTGATTACACAGCTAGAAGC,0.4555572,-0.17848542,55.291008,35.11367
CCCCTTTACTAAATCCCTTCATTTATACTCTCAG,CCCCTTTACTAAATCCCTTCATTTATACTCTCAG,-1.3982632,-0.10498149,-3.7037048,37.45281
GCACTTTACTACATGAGTATGTGGGTGATCAATT,GCACTTTACTACATGAGTATGTGGGTGATCAATT,-0.3274277,0.24082981,30.373833,48.45767
ATCATTTACTACGAGGACGGGGTGGTGCCCACTA,ATCATTTACTACGAGGACGGGGTGGTGCCCACTA,0.1961898,0.40978962,47.03708,53.83453
GTAATTTACTAGGCATCATCTTTCCAGTTCTGAA,GTAATTTACTAGGCATCATCTTTCCAGTTCTGAA,0.7503776,0.36933732,64.67317,52.547203
GGTTTTTACTATTAAATCTTGAGTCTGTTCCTTT,GGTTTTTACTATTAAATCTTGAGTCTGTTCCTTT,-0.038211614,0.7136777,39.57765,63.505257
GGACTTTACTATTGTGATGACGCTGGTGGCGGCC,GGACTTTACTATTGTGATGACGCTGGTGGCGGCC,-1.2843692,-0.57694393,-0.07921982,22.4334
CTCCTTTACTCAACACTACATCCTCCCTCAGTGG,CTCCTTTACTCAACACTACATCCTCCCTCAGTGG,0.5865625,0.47043592,59.46003,55.764496
AGCATTTACTCCAGGACCCAACATAGAACTCCAG,AGCATTTACTCCAGGACCCAACATAGAACTCCAG,0.90491617,1.014694,69.591095,73.084595
AGTATTTACTCCCCACTTCCTGCTCCACCCCTGG,AGTATTTACTCCCCACTTCCTGCTCCACCCCTGG,0.21494797,0.68255943,47.634026,62.51497
CACGTTTACTCTTGAGCTTCTTCAAGACTTCTTG,CACGTTTACTCTTGAGCTTCTTCAAGACTTCTTG,-0.11012757,0.33593506,37.289043,51.484234
TGGCTTTACTGCATTGTAATTGTGATCGCTCGCC,TGGCTTTACTGCATTGTAATTGTGATCGCTCGCC,-0.9367965,-0.4184953,10.981697,27.47576
GATATTTACTGCCCGCACTACAACAGCTCGGGGG,GATATTTACTGCCCGCACTACAACAGCTCGGGGG,0.97175944,0.43076998,71.71828,54.502197
TATGTTTACTGGTCCAACACCTTCACAGAGCCTG,TATGTTTACTGGTCCAACACCTTCACAGAGCCTG,1.1073451,0.98673505,76.03306,72.19485
GGGGTTTACTGTCCTGCCATGGAGAAGGCTCACC,GGGGTTTACTGTCCTGCCATGGAGAAGGCTCACC,0.35390586,0.7071539,52.056126,63.29765
ATCTTTTACTGTGTGGCCAAAGAAAATGTCAGGA,ATCTTTTACTGTGTGGCCAAAGAAAATGTCAGGA,-0.6869556,0.37500465,18.932463,52.72756
ACACTTTACTGTTTGTGACCGCTCCTCAATGCGA,ACACTTTACTGTTTGTGACCGCTCCTCAATGCGA,-0.78890544,0.099255726,15.68808,43.952312
CACGTTTACTTCACCAAGAGTGGCTTCCACCCAG,CACGTTTACTTCACCAAGAGTGGCTTCCACCCAG,0.30884647,0.69115025,50.622185,62.78836
GGGGTTTACTTCCCTGCCCTGACCAGCCTGCTGT,GGGGTTTACTTCCCTGCCCTGACCAGCCTGCTGT,0.6513748,0.9444318,61.522575,70.84862
AGCATTTACTTCCTACCAGCCCCCCAATTTCTCA,AGCATTTACTTCCTACCAGCCCCCCAATTTCTCA,-0.45471278,0.954162,26.3232,71.158264
TGCTTTTACTTCGTGTATAGGAATATGGAAACAC,TGCTTTTACTTCGTGTATAGGAATATGGAAACAC,0.4987853,0.6335676,56.666668,60.955887
