gRNA name,PAM (reverse complement on DNA target sequence),gRNA sequence,FOR MODEL - 47 bp match target sequence reverse complement,Updated QUiCKR Results (March 17)
ON2,ATCT,CTGCTTCTGATGGCTCAAAC,CCTTTTGGGTGTGGGAGATCTCTGCTTCTGATGGCTCAAACACAGCG,41%
107,ACCA,AACAAGCCTCGAATCAGCCG,CCCCCTTCTGACCAAACAAGCCTCGAATCAGCCGCCGGGAAGGCCAC,30%
110,GTCT,CACAGCCACACAGGAGATGA,TGCCACGCCTGGTCTCACAGCCACACAGGAGATGAGGAATGGGTGGA,47%
125,TTTC,AAGGAGTAGTGAAAACAGAA,CTTTGAGGGGACAATTTCAAGGAGTAGTGAAAACAGAAGAACAGAGA,60%
133,CCTG,CAGGTATTGGGAGCCACAGC,CCTGTGACCTGCAGGTATTGGGAGCCACAGCTAAGATGCCAGGAACC,39%
137,CCTT,CTACCTTTACGTTTTGTTTA,GCCTTGAATGGGTTCCTTCTACCTTTACGTTTTGTTTATTTGTAAAA,47%
143,CTTT,AAAGGAACTGTCTTCCAAGG,AATACGTAGGATAGGTCTTTAAAGGAACTGTCTTCCAAGGCCACGCA,65%
145,CTCA,GAGGAACTCAGAGAAGGACT,AAGAGGGCAGCTCAGAGGAACTCAGAGAAGGACTAAGGCTTGCTCAA,32%
17,TTTG,CTGTGGTCTCCAGTACCTGC,TCCTGGCGTCTTTGCTGTGGTCTCCAGTACCTGCAGGTCACAGGGCC,39%
109,CTCA,GGATGGAAAGTGGCCCTTGG,CAGAGTAGCTCAGGATGGAAAGTGGCCCTTGGGGAGGGTAGCAAGGC,65%
130,GCTG,GTAGAGGGTGACCCCAGCGC,CCCAGGGCTGCTGGTAGAGGGTGACCCCAGCGCAGGCTCAGTAAGCC,74%
140,TTTG,AAAAATGCCAGAAGGCCACA,TTCACCCATGGTTTGAAAAATGCCAGAAGGCCACACTGGCCCACATC,35%
142,TTTC,ACAAAGGGCTCGCGCTCCTA,AGATGTCTCGCATGCATGTTTCACAAAGGGCTCGCGCTCCTATGAGA,76%
ON1,GCCT,TAGCTGTGCTCGCGCTACTC,GTCTCGCTCCGTGGCCTTAGCTGTGCTCGCGCTACTCTCTCTTTCTG,27%
63,CTTA,AAGATAATATGATCAATAGT,ATGGGCAGTTTCTTAAAGCTTAAAGATAATATGATCAATAGTAGCAA,70%
108,ATCT,GTAACCATCTTCTATCTCCC,ACCTACTCATCAATCTGTAACCATCTTCTATCTCCCCCTCCCTTTCA,69%
118,CTCC,ATGTCCTCCGGGTGCCTCTG,GTGTGGCCTGGGCCTCCATGTCCTCCGGGTGCCTCTGCTGTGGGCTG,48%
127,TCTG,TAAACAGAGGCATTAAAATC,CTTCCGAGCCACAGGCCCTTCTCTGTAAACAGAGGCATTAAAATCCA,42%
139,CCCC,AATCCACAGACGGCAGACTA,CCACCAAGTCTCCCCAATCCACAGACGGCAGACTAAGGCCACACAGG,60%
146,CCTC,CAACAGAGAAAGGCCACACT,ACTCCAGCCACTGCCCTTCCTCCAACAGAGAAAGGCCACACTGGCTT,70%
147,TCCT,CTGAGAGCTTCAAGCCAACA,CTGAGAGCTTCAAGCCAACA,28%
ONgRNArev4-7_PLOD1,CCCC,AAGCCCCAGGGCCTGCAGAG,ACGCTCCAGTCCTCCCCCAAGCCCCAGGGCCTGCAGAGAGAGGCCCCC,18%
ONgRNArev9-11_PLOD2,ATCA,CCACCTCTCCCACTCTTGCC,TGTTAATTCCATCACCACCTCTCCCACTCTTGCCCTTGACCAAGAACC,81%
ONgRNArev6-8_PLOD2,ACCA,CCTCTCCCACTCTTGCCCTT,TGTTAATTCCATCACCACCTCTCCCACTCTTGCCCTTGACCAAGAACC,86%
ONgRNAfwd10-12_PLOD3,ATCA,TGTCCTCCCGGGTTTGCATA,AACATAATGATCATGTCCTCCCGGGTTTGCATATTTCTCCATTTCCTT,52%
ONgRNAfwd4-6_PLOD3,TCCT,CCCGGGTTTGCATATTTCTC,AACATAATGATCATGTCCTCCCGGGTTTGCATATTTCTCCATTTCCTT,57%
ONgRNArev6_SIK3,GCTG,CTGAAGGCGTGGTGTGGCAG,TCACTCCAGGGCAGCTGCTGAAGGCGTGGTGTGGCAGCCCTCCCTAT,52%
ONgRNArev6_DEC2,GCTG,CCGCCCACGTGCAGCCCTTC,TCTCGCCTTCTGCAGCTGCCGCCCACGTGCAGCCCTTCCTGGACAAG,9%
ONgRNAfwd10_NPSR1,GCCG,GATGACTCCCACTGGACCCC,GGGCACTGTGGCCGGATGACTCCCACTGGACCCCGTACATGACCATC,96%
REFgRNA_SIK3,TCTG,CAGAGGGGACAGGTGATAAG,CAGAGGGGACAGGTGATAAG,100%
REFgRNAfwd1_Prime3,TTTG,TCTTCTTAATGATTGAACAA,CCCTTTGTCTTCTTAATGATTGAACAAAAT,64%
REFgRNA_DEC2,TCCG,CCTCCGCCGAACGCCACCAG,CCTCCGCCGAACGCCACCAG,66%
REFgRNA_NPSR1,CTTT,TCCCAAATATGATCAGCGTG,TCCCAAATATGATCAGCGTG,96%
,,,,
,,,,
,,,,
,,,,
,,,,
,,,,
,,,,
REFgRNA_PLOD1,TTTC,AACCCAATGTAGGGAAACCA,TCCTTTCAACCCAATGTAGGGAAACCATAC,53%
REFgRNA_PLOD2,TTTC,ACAAAAATGTTAAACTAGGC,CTATTTCACAAAAATGTTAAACTAGGCCCT,39%
REFgRNA_PLOD3,TTTC,TCTCTTCATATTCACTGTAC,TGTTTTCTCTCTTCATATTCACTGTACCCC,68%
ONgRNArev6-9_PLOD1,TCCC,CCAAGCCCCAGGGCCTGCAG,ACGCTCCAGTCCTCCCCCAAGCCCCAGGGCCTGCAGAGAGAGGCCCCC,22%
ONgRNArev3_DEC2,GCCG,CCCACGTGCAGCCCTTCCTG,TCTCGCCTTCTGCAGCTGCCGCCCACGTGCAGCCCTTCCTGGACAAG,86%
ONgRNAfwd6_DEC2,GCTG,CACGTGGGCGGCAGCTGCAG,CTTGTCCAGGAAGGGCTGCACGTGGGCGGCAGCTGCAGAAGGCGAGA,34%
ONgRNAfwd3_SIK3,ACCA,CGCCTTCAGCAGCTGCCCTG,ATAGGGAGGGCTGCCACACCACGCCTTCAGCAGCTGCCCTGGAGTGA,70%
ONgRNArev4_SIK3,GCTG,AAGGCGTGGTGTGGCAGCCC,TCACTCCAGGGCAGCTGCTGAAGGCGTGGTGTGGCAGCCCTCCCTAT,57%