sequence,Predicted,Actual
CCTTTTGGGTGTGGGAGATCTCTGCTTCTGATGGCTCAAACACAGCG,-1.0,41%
CCCCCTTCTGACCAAACAAGCCTCGAATCAGCCGCCGGGAAGGCCAC,-1.0,30%
TGCCACGCCTGGTCTCACAGCCACACAGGAGATGAGGAATGGGTGGA,-1.0,47%
CTTTGAGGGGACAATTTCAAGGAGTAGTGAAAACAGAAGAACAGAGA,-1.0,60%
CCTGTGACCTGCAGGTATTGGGAGCCACAGCTAAGATGCCAGGAACC,-1.0,39%
GCCTTGAATGGGTTCCTTCTACCTTTACGTTTTGTTTATTTGTAAAA,-1.0,47%
AATACGTAGGATAGGTCTTTAAAGGAACTGTCTTCCAAGGCCACGCA,-1.0,65%
AAGAGGGCAGCTCAGAGGAACTCAGAGAAGGACTAAGGCTTGCTCAA,-1.0,32%
TCCTGGCGTCTTTGCTGTGGTCTCCAGTACCTGCAGGTCACAGGGCC,-1.0,39%
CAGAGTAGCTCAGGATGGAAAGTGGCCCTTGGGGAGGGTAGCAAGGC,-1.0,65%
CCCAGGGCTGCTGGTAGAGGGTGACCCCAGCGCAGGCTCAGTAAGCC,-1.0,74%
TTCACCCATGGTTTGAAAAATGCCAGAAGGCCACACTGGCCCACATC,-1.0,35%
AGATGTCTCGCATGCATGTTTCACAAAGGGCTCGCGCTCCTATGAGA,-1.0,76%
GTCTCGCTCCGTGGCCTTAGCTGTGCTCGCGCTACTCTCTCTTTCTG,-1.0,27%
ATGGGCAGTTTCTTAAAGCTTAAAGATAATATGATCAATAGTAGCAA,-1.0,70%
ACCTACTCATCAATCTGTAACCATCTTCTATCTCCCCCTCCCTTTCA,80.33586945456663,69%
GTGTGGCCTGGGCCTCCATGTCCTCCGGGTGCCTCTGCTGTGGGCTG,-1.0,48%
CTTCCGAGCCACAGGCCCTTCTCTGTAAACAGAGGCATTAAAATCCA,-1.0,42%
CCACCAAGTCTCCCCAATCCACAGACGGCAGACTAAGGCCACACAGG,-1.0,60%
ACTCCAGCCACTGCCCTTCCTCCAACAGAGAAAGGCCACACTGGCTT,-1.0,70%
CTGAGAGCTTCAAGCCAACA,-1.0,28%
ACGCTCCAGTCCTCCCCCAAGCCCCAGGGCCTGCAGAGAGAGGCCCCC,-1.0,18%
TGTTAATTCCATCACCACCTCTCCCACTCTTGCCCTTGACCAAGAACC,-1.0,81%
TGTTAATTCCATCACCACCTCTCCCACTCTTGCCCTTGACCAAGAACC,69.12117590217846,86%
AACATAATGATCATGTCCTCCCGGGTTTGCATATTTCTCCATTTCCTT,-1.0,52%
AACATAATGATCATGTCCTCCCGGGTTTGCATATTTCTCCATTTCCTT,-1.0,57%
TCACTCCAGGGCAGCTGCTGAAGGCGTGGTGTGGCAGCCCTCCCTAT,-1.0,52%
TCTCGCCTTCTGCAGCTGCCGCCCACGTGCAGCCCTTCCTGGACAAG,-1.0,9%
GGGCACTGTGGCCGGATGACTCCCACTGGACCCCGTACATGACCATC,-1.0,96%
CAGAGGGGACAGGTGATAAG,-1.0,100%
CCCTTTGTCTTCTTAATGATTGAACAAAAT,-1.0,64%
CCTCCGCCGAACGCCACCAG,-1.0,66%
TCCCAAATATGATCAGCGTG,-1.0,96%
TCCTTTCAACCCAATGTAGGGAAACCATAC,-1.0,53%
CTATTTCACAAAAATGTTAAACTAGGCCCT,-1.0,39%
TGTTTTCTCTCTTCATATTCACTGTACCCC,-1.0,68%
ACGCTCCAGTCCTCCCCCAAGCCCCAGGGCCTGCAGAGAGAGGCCCCC,-1.0,22%
TCTCGCCTTCTGCAGCTGCCGCCCACGTGCAGCCCTTCCTGGACAAG,-1.0,86%
CTTGTCCAGGAAGGGCTGCACGTGGGCGGCAGCTGCAGAAGGCGAGA,59.22460158771123,34%
ATAGGGAGGGCTGCCACACCACGCCTTCAGCAGCTGCCCTGGAGTGA,-1.0,70%
TCACTCCAGGGCAGCTGCTGAAGGCGTGGTGTGGCAGCCCTCCCTAT,-1.0,57%
